{
  "mappedPoints": [
    {
      "easting": 417193.472,
      "northing": 3156145.958
    },
    {
      "easting": 417522.712,
      "northing": 3151574.29
    },
    {
      "easting": 419048.015,
      "northing": 3126508.317
    }
  ],
  "flipSum": [
    "29.803449 km",
    "25.203449 km"
  ],
  "distance": "59.606660 km",
  "legsSum": [
    "4.600000 km",
    "29.803449 km"
  ],
  "legs": [
    "4.600000 km",
    "25.203449 km"
  ],
  "mappedZones": [
    {
      "lngZone": 17,
      "latZone": "R"
    }
  ]
}
