{
  "mappedPoints": [
    {
      "easting": 417190.619,
      "northing": 3156145.765
    },
    {
      "easting": 417487.039,
      "northing": 3151571.877
    },
    {
      "easting": 419050.869,
      "northing": 3126508.51
    },
    {
      "easting": 417190.619,
      "northing": 3156145.765
    }
  ],
  "flipSum": [
    "59.606365 km",
    "55.006365 km",
    "29.803177 km"
  ],
  "distance": "59.606365 km",
  "legsSum": [
    "4.600000 km",
    "29.803188 km",
    "59.606365 km"
  ],
  "legs": [
    "4.600000 km",
    "25.203188 km",
    "29.803177 km"
  ],
  "mappedZones": [
    {
      "lngZone": 17,
      "latZone": "R"
    }
  ]
}
