{
  "mappedPoints": [
    {
      "easting": 419583.918,
      "northing": 3154734.046
    },
    {
      "easting": 432373.424,
      "northing": 3125296.218
    },
    {
      "easting": 436090.755,
      "northing": 3106718.01
    },
    {
      "easting": 432831.062,
      "northing": 3125025.904
    }
  ],
  "flipSum": [
    "69.860891 km",
    "37.674445 km",
    "18.661682 km"
  ],
  "distance": "69.860891 km",
  "legsSum": [
    "32.186446 km",
    "51.199209 km",
    "69.860891 km"
  ],
  "legs": [
    "32.186446 km",
    "19.012763 km",
    "18.661682 km"
  ],
  "mappedZones": [
    {
      "lngZone": 17,
      "latZone": "R"
    }
  ]
}
