{
  "mappedPoints": [
    {
      "easting": 419578.118,
      "northing": 3154731.563
    },
    {
      "easting": 432373.424,
      "northing": 3125296.217
    },
    {
      "easting": 436090.753,
      "northing": 3106718.01
    },
    {
      "easting": 432831.059,
      "northing": 3125025.903
    }
  ],
  "flipSum": [
    "69.860900 km",
    "37.674442 km",
    "18.661682 km"
  ],
  "distance": "69.860900 km",
  "legsSum": [
    "32.186457 km",
    "51.199218 km",
    "69.860900 km"
  ],
  "legs": [
    "32.186457 km",
    "19.012761 km",
    "18.661682 km"
  ],
  "mappedZones": [
    {
      "lngZone": 17,
      "latZone": "R"
    }
  ]
}
